{"cameraMode":{"drawMode":0,"name":"Shaded","section":"Shading Mode"},"sceneLighting":true,"audioPlay":false,"sceneViewState":{"m_AlwaysRefresh":false,"showFog":true,"showSkybox":true,"showFlares":true,"showImageEffects":true,"showParticleSystems":true,"showVisualEffectGraphs":true,"m_FxEnabled":true},"in2DMode":false,"pivot":{"x":66.9333267211914,"y":33.08786392211914,"z":40.12727355957031},"rotation":{"x":0.29253822565078738,"y":0.026672864332795144,"z":-0.008163738064467907,"w":0.9558433890342712},"size":1.2732815742492676,"orthographic":false}